name;email;color;salary;isActive
Robyn;Adela82@gmail.com;#590c02;3505;true
Elisa;Lysanne.Kunze@yahoo.com;#042656;7706;true
Jovany;Laurianne_Ortiz@hotmail.com;#6d7903;3736;false
Chanelle;Thaddeus.Stehr49@hotmail.com;#435752;0907;true
Holly;Mazie.Hahn79@hotmail.com;#323456;6283;true
Gerson;Jamel0@yahoo.com;#133b37;5686;false
Queenie;Gaetano_Thiel33@hotmail.com;#17424a;5481;true
Nicolas;Gina_Daugherty-Farrell4@yahoo.com;#4e141c;3755;false
Hassie;Ena41@yahoo.com;#676843;3166;false
Arely;Omari_Langworth73@hotmail.com;#2d6a4e;5594;true
Willie;Enid_Collier59@yahoo.com;#2f6724;0651;false
Raphael;Mac_McLaughlin@gmail.com;#4b7054;9455;false
Lindsey;Clemens.Reinger@gmail.com;#593648;1606;false
Velva;Jalen10@hotmail.com;#786f1f;6095;true
Amparo;Leone_Schmitt80@hotmail.com;#7a3c00;5100;false
Koby;Kristofer_Jast21@gmail.com;#2c3679;8614;false
Jeffery;Jameson.Smith@gmail.com;#4d1917;7447;false
Madaline;Niko.Russel82@hotmail.com;#027265;8467;false
Marcus;Clair.Beahan4@gmail.com;#164925;2239;false
Jarrell;Brendan.Fadel@yahoo.com;#525373;3925;true
Claudia;Annette58@gmail.com;#401c5e;3239;true
Blair;Sherwood79@gmail.com;#2e0b37;0201;true
Anastasia;Susanna_Feest57@yahoo.com;#096f4e;2602;true
Krystel;Godfrey.Schaefer@yahoo.com;#761610;2212;false
Amos;Marcelo79@gmail.com;#150d2d;3749;false
Wendy;Annie3@yahoo.com;#5e6279;1422;true
Silas;Floyd.Kassulke@gmail.com;#70480b;3072;false
Lue;Viva_Conroy@yahoo.com;#3b3657;6548;false
Maddison;Janiya_Franey@hotmail.com;#7f5075;1282;false
Loraine;Elias_Koss@yahoo.com;#1e201a;0402;false
Orie;Estrella.Hamill91@gmail.com;#284d12;8800;false
Cecelia;Neha34@hotmail.com;#215e47;2273;false
Nicholas;Derek85@hotmail.com;#750669;9015;true
Eugene;Shirley_King68@gmail.com;#6b5a58;0210;false
Beverly;Liliane44@gmail.com;#3a513a;6136;true
Annette;Joel.West@hotmail.com;#2c5861;8083;false
Jerrod;Tyshawn_Schuppe@gmail.com;#646a39;4720;true
Cielo;Cora46@yahoo.com;#527a57;1839;false
Michaela;Abelardo19@hotmail.com;#6e1a73;0082;true
Gaston;Leo54@hotmail.com;#153e2f;9031;false
Jocelyn;Fredy_Dooley80@yahoo.com;#686133;4634;false
Larissa;Candelario.Trantow46@yahoo.com;#174564;5116;true
Aaron;Olga.OHara@yahoo.com;#707149;1052;true
Aiden;Delia78@gmail.com;#236272;7573;false
Camron;Edwardo72@gmail.com;#31662d;4730;true
Cynthia;Elmer12@hotmail.com;#7b0a07;0023;true
Lesly;Krystal.Hegmann@gmail.com;#492420;5643;true
Demario;Nikko.Schultz@gmail.com;#6c575f;1626;true
Meghan;Nat_Sipes@gmail.com;#303819;4980;true
Sanford;Coby_Bashirian12@gmail.com;#2b4f41;4743;false
Jasen;Destany.Wyman@gmail.com;#0c5d70;3112;true
Dina;Delphine.OKeefe@hotmail.com;#76371b;3978;false
Kay;Freddie.Runte@gmail.com;#1b487b;1042;true
Burnice;Jacey_Hansen@gmail.com;#523413;0109;false
Jolie;Lamont_Dibbert@yahoo.com;#412a52;4342;true
Cordell;Dylan.Beatty@yahoo.com;#46660b;3086;true
Joyce;Chanelle36@yahoo.com;#551748;4018;true
Brown;Bonita.Lockman50@yahoo.com;#011258;7893;false
Tod;Macie87@hotmail.com;#7d343c;0553;true
Johnathan;Aurelio_Hodkiewicz40@yahoo.com;#6c256d;5531;true
Geoffrey;Torrance_Murphy24@yahoo.com;#144873;5891;false
Emery;Travis.Walker@hotmail.com;#4b7e4f;3416;false
Harry;Gregorio_Keeling63@hotmail.com;#1c293e;1677;true
Ora;Gabriel.Shanahan@yahoo.com;#1c6c32;9947;false
Selena;Verda.Keebler@yahoo.com;#182845;9065;false
Dagmar;Sister.Monahan53@hotmail.com;#3b6c7c;0556;true
Arlo;Carter.Wolff90@gmail.com;#734320;8170;true
Valentine;Demetris99@hotmail.com;#34384e;8923;false
Raheem;Lambert_Runolfsdottir87@gmail.com;#6b742c;7065;false
Summer;Maci46@hotmail.com;#207167;3274;false
Maximilian;Rosalind.Fadel@gmail.com;#244b61;7425;false
Demond;Cathrine85@gmail.com;#515212;5782;true
Jeffry;Taryn_Kub@hotmail.com;#144d2d;8076;true
Skye;Laurine6@hotmail.com;#0b4744;2131;true
Lesly;Samanta41@hotmail.com;#574971;4021;true
Vesta;Amari_Stark@hotmail.com;#443156;6463;false
Nolan;Jakob_Kub19@yahoo.com;#716d75;5493;true
Kristy;Abigale.Macejkovic-Crooks13@gmail.com;#79753a;8845;true
Deron;Bryana16@yahoo.com;#417438;0788;false
Izabella;Ali_Bergstrom@hotmail.com;#5e7527;6960;false
Julie;Velva73@yahoo.com;#2b4b1d;5752;false
Dave;Jettie58@hotmail.com;#0c4c48;1261;true
Laurel;Cicero_White@yahoo.com;#6c1716;3990;true
Hermina;Kenton77@yahoo.com;#463d07;5538;true
Jerome;Kameron.Rolfson44@gmail.com;#340f29;4329;false
Freeman;Garrett_Becker@hotmail.com;#666011;1392;true
Naomi;Creola0@yahoo.com;#61450c;1584;true
Orlando;Casey85@hotmail.com;#7c1653;7652;false
Felicia;Keegan70@hotmail.com;#3b0b04;1463;true
Jaylen;Joel_Hegmann-Cole55@yahoo.com;#3c394d;0920;true
Torey;Clay_Purdy@gmail.com;#333048;8748;true
Timmothy;Ismael_Weissnat14@yahoo.com;#17737a;7345;false
Rosanna;Nola98@hotmail.com;#780d3e;2398;false
Preston;Catherine33@hotmail.com;#5e0704;6851;false
Annetta;Martine81@yahoo.com;#511d02;5936;false
Lane;Filomena_Ferry29@yahoo.com;#476301;2397;false
Ora;Elvie96@yahoo.com;#776568;3510;false
Roberta;Keith71@gmail.com;#54405f;0254;false
Rodolfo;Patsy10@yahoo.com;#210819;2387;true
Zelda;Lloyd_Jacobson@hotmail.com;#724b72;7594;false
Gregg;Berta42@yahoo.com;#347b61;6020;false
Corbin;Lauriane_Denesik@hotmail.com;#51555e;1917;false
Matt;Lindsey_Frami@yahoo.com;#563e2a;4547;true
Alek;Nick_Barrows@yahoo.com;#4e3967;0872;false
Aileen;Tessie77@yahoo.com;#345832;0833;false
Kaleb;Graham.Morar19@yahoo.com;#594e47;8514;false
Leslie;Florencio.Goyette2@hotmail.com;#017a05;1377;false
Sim;Tillman_Maggio65@yahoo.com;#14781c;9685;false
Fausto;Johann_Kuvalis@hotmail.com;#3e2e3f;5931;false
Esta;Seamus.Rath-Schuppe85@gmail.com;#551608;6601;true
Roslyn;Israel.Stoltenberg72@gmail.com;#72232f;1919;true
Sheldon;Ashton6@gmail.com;#513b50;3610;false
Brock;Sarina63@yahoo.com;#6d4f06;5457;false
Nola;Kayla.Trantow@yahoo.com;#50342d;7185;false
Napoleon;Garrick.Dooley-Gottlieb@hotmail.com;#210a0c;8486;false
Sherman;Wilhelm.Robel63@gmail.com;#57641c;1782;true
Dion;Terrence_DAmore@gmail.com;#64085e;9729;false
Jordon;Julia73@yahoo.com;#125b1e;4548;false
Hershel;Rickie31@gmail.com;#415352;9292;true
Pearl;Alexandre_Hartmann3@hotmail.com;#486e7f;7739;true
Benedict;Liam66@gmail.com;#4b184e;6470;false
Kellie;Arnold.Pollich35@gmail.com;#1d0231;2382;false
Lora;Janessa66@yahoo.com;#151f75;5517;false
Harley;Glen70@yahoo.com;#256f54;1846;false
Yasmin;Miles38@yahoo.com;#2a170a;2877;false
Magdalen;Christiana59@hotmail.com;#475860;6095;false
Josie;Hershel34@hotmail.com;#680874;7053;true
Candida;Bonnie.Jenkins1@gmail.com;#260380;1175;true
Peggie;Coleman_Koepp-Swaniawski@hotmail.com;#43230e;3057;false
Andreane;Bridgette71@hotmail.com;#395524;3975;false
Christ;Desmond57@yahoo.com;#5d176a;9290;false
Rod;Lillian.Littel@yahoo.com;#703d59;7109;true
Tianna;Braxton.Schuppe@hotmail.com;#192237;7695;true
Vilma;Meggie_Lubowitz-Kreiger32@hotmail.com;#1f2920;1232;false
Mireya;Stacy.Abernathy20@yahoo.com;#5d3255;5667;true
Tiana;Dejon94@yahoo.com;#147b17;3914;true
Loma;Lavada.Murazik40@yahoo.com;#633c4e;9574;true
Jayme;Winona.Huels99@gmail.com;#217c06;1976;true
Ettie;Carroll_Wisoky-Hamill36@hotmail.com;#5a6774;1919;false
Raheem;Shanel.Hettinger-Hansen@gmail.com;#017221;7677;false
Greyson;Raven_Von30@gmail.com;#4a2376;5642;false
Ericka;Aracely_Metz19@hotmail.com;#331313;8703;true
Alayna;Guido_Grady52@hotmail.com;#412e2f;9436;false
Grayson;Sigmund.Von@yahoo.com;#1f6041;3918;false
Anabelle;Joe.Bartoletti78@gmail.com;#651029;7611;false
Jack;Brenda_Mueller@gmail.com;#766f5a;8453;true
Prudence;Jodie_Torp@yahoo.com;#1e4f72;2234;false
Emely;Keara11@hotmail.com;#330a2a;2629;false
Ceasar;Helen97@yahoo.com;#6a1134;3641;true
Cary;Miles30@hotmail.com;#051c08;7684;true
Jimmy;Annetta_Bogisich@yahoo.com;#455d09;4321;false
Hardy;Reid_Labadie48@hotmail.com;#426d35;0753;false
Davon;Berneice_Connelly24@yahoo.com;#232336;3633;true
Elroy;Cedrick_Fay@gmail.com;#5b307a;0608;true
Coby;Duncan71@hotmail.com;#2a5f17;9647;false
Markus;Isaias_McLaughlin@hotmail.com;#3c2b02;8804;false
Berneice;Tatum42@gmail.com;#692505;4382;true
Omari;Deon88@hotmail.com;#7b6033;9173;false
Marta;Jaden.OKon@hotmail.com;#26246c;7826;true
Joesph;Derrick.Beatty@gmail.com;#001e27;3033;false
Rachelle;Levi_Hansen@yahoo.com;#625e7d;4326;true
Ali;Helena.Hayes@gmail.com;#2a7e24;7260;true
Jeffry;Colt.Collier@yahoo.com;#38704a;0270;true
Lorena;Junior20@gmail.com;#6f3020;7938;false
Yvonne;Edyth_Nienow@yahoo.com;#5d6c4f;2474;true
Eliane;Fletcher_Runolfsdottir6@yahoo.com;#086507;0641;true
April;Elisa_Lind@gmail.com;#0e0f30;2777;false
Gustave;Osborne6@yahoo.com;#245380;6209;true
Earlene;Tyrel.Schoen54@gmail.com;#77262d;8843;false
Kylee;Estell29@hotmail.com;#32203c;3611;true
Julia;Kevon.Senger@yahoo.com;#405943;9618;true
Terrell;Tad0@hotmail.com;#352b2d;4096;true
Estella;Ivory_Morar@yahoo.com;#3d631b;9270;false
Mylene;Gerson90@yahoo.com;#2f5f25;4404;true
Hazel;Uriah_Kris@hotmail.com;#44253c;1626;false
Kristoffer;Timmothy.Rodriguez-Collins@yahoo.com;#301c34;2237;false
Josue;Patience.Davis85@yahoo.com;#724407;2477;false
Jayde;Stanley_Brown17@yahoo.com;#704239;6193;true
Aletha;Brendan22@yahoo.com;#6c4366;1393;false
Cesar;Cameron16@yahoo.com;#31463e;4515;false
Beau;Rita_Schultz29@gmail.com;#737a1f;8255;true
Tianna;Delmer.Cruickshank@yahoo.com;#677218;4811;false
Fred;Curt_Hudson63@gmail.com;#3d541b;3799;true
Forest;Dandre14@yahoo.com;#665a62;1094;true
Hans;Amani.Miller@gmail.com;#3f006b;1807;false
Kevin;Juana_Ledner58@gmail.com;#135a3a;8255;true
Trudie;Annette_Simonis@hotmail.com;#27125f;4482;true
Durward;Talon_Adams@gmail.com;#0c4d62;7766;false
Connor;Sheridan.Will-Halvorson97@hotmail.com;#05781d;6587;true
Laisha;Chadrick88@yahoo.com;#56646e;9664;false
Cooper;Jackson_Reichert@hotmail.com;#714360;1425;false
Christian;Desmond_Bergnaum@gmail.com;#0a766b;0512;true
Delaney;Giovanna67@hotmail.com;#4b1811;0047;false
Martin;Stephan.Watsica@gmail.com;#065580;3960;true
Kiarra;Ivory44@gmail.com;#03367d;3946;true
Johnnie;Marcia.Bahringer@yahoo.com;#45794a;4695;true
Kory;Keyon36@hotmail.com;#761b06;8729;false
Flavie;Melba_Rosenbaum@hotmail.com;#0f5419;7807;false
Nelda;Ken_Armstrong38@hotmail.com;#1f3101;6807;false
Fleta;Jaleel.Will@hotmail.com;#7f2951;8703;true
Breanne;Nettie.Goyette@gmail.com;#6c0e6b;1393;false
Orlando;Ben_Brakus@yahoo.com;#694c68;6686;false
Ludie;Reilly.Russel@gmail.com;#190b5b;5207;true
Emmalee;Helga54@gmail.com;#540e7d;2358;false
Gabriella;Antwon.Wiza14@hotmail.com;#585a73;3772;false
Britney;Laney_Stark@yahoo.com;#4d7358;7286;true
Linda;Tavares_Goyette34@gmail.com;#666a13;8659;true
Alvis;Antonette.Fadel@hotmail.com;#466805;1200;true
Marion;Conor.Beer@hotmail.com;#247f6d;6289;false
Casimer;Newell64@gmail.com;#415617;5361;false
Bianka;Florencio_Cremin42@hotmail.com;#4f3508;3582;true
Russ;Paige.DuBuque@hotmail.com;#77610b;0132;false
Donny;Emil88@gmail.com;#592f7b;4064;false
Reynold;Albin34@yahoo.com;#4e2032;7152;true
Aryanna;Evalyn_Predovic@hotmail.com;#113f6c;6507;true
Korbin;Thalia_Tromp55@hotmail.com;#14363c;6528;false
Hugh;Jermain.Breitenberg12@gmail.com;#712c39;7509;false
Kieran;Deborah.Greenholt20@yahoo.com;#0c3f61;7426;true
Leif;Tracy_Nienow@yahoo.com;#311535;0544;true
Aglae;Barbara.Schinner@hotmail.com;#731631;0960;false
Christina;Daphne.Kilback@gmail.com;#333d5a;3354;false
Megane;Keenan65@yahoo.com;#40110e;8706;true
Jacynthe;Maegan_Gleichner50@hotmail.com;#2c3b7b;1681;true
Philip;Stephania.DuBuque-Lowe@gmail.com;#07505e;9139;false
Zackery;Alysson.Wuckert20@gmail.com;#68456f;6655;false
Payton;Callie.Crist@yahoo.com;#051280;3272;true
Melyna;Fredrick78@gmail.com;#3f2d10;3551;false
Sigrid;Armando80@yahoo.com;#1c320a;9303;false
Lenna;Imani.Zemlak55@yahoo.com;#5f0015;0814;false
Anita;Hans59@hotmail.com;#424e4d;0681;false
Kiara;Ole41@yahoo.com;#0f7222;1334;true
Wilton;Reilly_Goodwin29@gmail.com;#7e3043;5314;true
Lewis;Gerhard_Schmitt@gmail.com;#2a2219;1293;true
Kavon;Earnest_Goldner88@hotmail.com;#781a6a;0005;true
Baylee;Prudence.Jakubowski@hotmail.com;#5c711d;4591;false
Joannie;Baby.Feest26@yahoo.com;#3f3670;7053;true
Johnathan;Loyal97@yahoo.com;#010749;2118;false
Bianka;Drake.Auer0@gmail.com;#1a0e23;0368;false
Lamar;Eveline16@hotmail.com;#446a27;4807;true
Stephon;Hassan_VonRueden26@yahoo.com;#45417e;4416;true
Percy;Favian_Weber96@gmail.com;#5f3e7b;3880;true
Maegan;Steve63@yahoo.com;#5a5b7b;0950;true
Jerald;Lavada.Stanton-Swift@yahoo.com;#091444;8059;true
Connie;Lindsey.Berge@yahoo.com;#4b2709;4621;false
Weldon;Raegan_Murray@hotmail.com;#00762f;8060;true
Armand;Esther_Koch-Wuckert@hotmail.com;#74053d;9740;false
Garfield;Callie_Cummerata8@yahoo.com;#5d0546;0272;false
Thurman;Jettie26@hotmail.com;#6d1a6c;6218;true
Sammie;Alisha.Prosacco38@yahoo.com;#0a1c30;3048;false
Aliya;Earline_Kunze@hotmail.com;#3a426e;6362;false
Jade;Rubie.MacGyver52@gmail.com;#1b041e;1498;false
Maurine;Sharon.Doyle-Medhurst@yahoo.com;#400259;5765;false
Avery;Preston.Cartwright@gmail.com;#040064;5310;false
Rosalee;Augustus40@gmail.com;#1a542b;4866;true
Jayde;Jedediah.Waelchi36@gmail.com;#7f3561;2460;true
Danyka;Bailee99@yahoo.com;#51653e;1456;false
Jaylon;Bradley.Lakin-Brakus44@gmail.com;#656f4e;4018;true
Dashawn;Selina_Terry27@yahoo.com;#755e49;4915;false
Obie;Jazmin.Weissnat@yahoo.com;#265742;6402;true
Kobe;Reta_Hermann@yahoo.com;#081703;7516;false
Claudie;Kathleen74@yahoo.com;#538009;5972;false
Myrtice;Jamarcus62@gmail.com;#5a4c3e;2451;true
Sabrina;Waldo22@yahoo.com;#2c4722;6672;true
Furman;Coy25@yahoo.com;#582b73;4684;true
Jeramie;Delaney37@yahoo.com;#726f0d;2321;true
Lavada;Corine10@gmail.com;#646f3f;1278;true
Howell;Delphine85@hotmail.com;#0f4d65;0146;true
Eloise;Aiyana73@yahoo.com;#515408;0964;false
Rocio;Rylee_Watsica@hotmail.com;#150778;0774;true
Helene;Elias52@yahoo.com;#3e1723;6077;false
Shanel;Lemuel_Berge@yahoo.com;#5d3078;1456;false
Salvador;Evelyn19@yahoo.com;#561056;4567;false
Thora;Sarah.Kuphal@hotmail.com;#436137;5800;true
Jordane;Antone_Fritsch59@gmail.com;#4c5114;7339;false
Arnoldo;Edward.Beer@yahoo.com;#582e05;9451;true
Grant;Gayle76@hotmail.com;#3c1d6c;4418;true
Ryley;Maria.Feeney@yahoo.com;#1a212f;3296;false
Liliana;Zella44@hotmail.com;#420850;7200;false
Chasity;Laisha.Mills37@yahoo.com;#356a5f;5967;true
Willie;Jarvis.Hermann@gmail.com;#506a2e;1158;false
Clarissa;Helene.Torp@gmail.com;#7a795d;3791;false
Donnie;Beaulah.Medhurst@hotmail.com;#337246;2111;false
Garth;Samir_Fritsch@yahoo.com;#2f797e;9924;true
Willa;Darrin.Bruen97@gmail.com;#5d4452;5327;false
Lucienne;Nellie70@hotmail.com;#293e5e;5030;false
Arely;Nolan1@yahoo.com;#0a3f38;8890;true
Coty;Eleanore.Nitzsche1@gmail.com;#21192f;0483;false
Nadia;Mary.Rice@gmail.com;#7b502f;4492;false
Domenica;Jolie.Heaney95@gmail.com;#5f363f;9755;true
Laura;Shayna42@yahoo.com;#392a0e;6220;true
Blaze;Savion67@gmail.com;#617e15;5376;true
Calista;Allene67@gmail.com;#744418;6341;false
Tyreek;Kristoffer54@hotmail.com;#627741;6377;true
Juanita;Morris3@gmail.com;#3d4258;4549;true
Ray;Raoul.Rogahn@yahoo.com;#530b73;1925;false
Amy;Earline.Friesen-Upton21@hotmail.com;#6c004e;5045;false
Scarlett;Frankie97@gmail.com;#7f672d;8681;true
Elmira;Constance_OKon@hotmail.com;#3f7860;9201;true
Zetta;Dameon76@hotmail.com;#077b55;5334;false
Misael;Kaden_Kirlin49@hotmail.com;#171224;9674;false
Santa;Earlene_Schmitt1@hotmail.com;#313734;3856;true
Jeramie;Domenick22@gmail.com;#102145;6725;true
Sophie;Vickie_Kihn-Feil33@yahoo.com;#0a0647;9797;true
Corbin;Martina61@yahoo.com;#73052e;6763;false
Rigoberto;Jennifer_Heaney15@hotmail.com;#024a38;1450;false
Aylin;Walter_Shields58@yahoo.com;#3f1364;0949;false
Kaylin;Rudolph68@yahoo.com;#1d2319;2183;true
Matteo;Meggie.Botsford@gmail.com;#74371c;4042;true
Juvenal;Ayla.Simonis79@hotmail.com;#795339;3453;false
Fae;Marcelle_Wintheiser29@yahoo.com;#464956;8028;false
Lavon;Stephan.Waelchi14@gmail.com;#27746a;3109;false
Rosalinda;Mable.Casper99@yahoo.com;#15230d;1062;true
Ramiro;Titus_West6@yahoo.com;#6b1128;4568;false
Maybell;Blanca_Lind@yahoo.com;#3e1a6a;7293;true
Devan;Jamarcus.Ebert@yahoo.com;#4d7622;5634;true
Christelle;Crystel.OConnell79@yahoo.com;#720b02;3892;false
Zoie;Velva_Altenwerth42@hotmail.com;#575213;0294;false
Kim;Talon18@yahoo.com;#435559;6123;true
Zoe;Dorothy3@yahoo.com;#21290d;3562;false
Mathew;Pat_Reichert61@yahoo.com;#752e52;7709;true
Sabryna;Anthony_Pouros@hotmail.com;#7e0d4f;9000;true
Kendrick;Maeve_Botsford70@yahoo.com;#791433;6595;true
Arnulfo;Mertie38@yahoo.com;#578065;4477;false
Monroe;Megane48@hotmail.com;#31027c;9291;true
Glennie;Rene39@yahoo.com;#2b3214;1979;true
Kavon;Ludie.Rice@yahoo.com;#757f5a;1407;false
Clay;Clotilde.Heaney60@yahoo.com;#5e043f;7665;true
Kaden;Willow.Hand53@hotmail.com;#597d56;4266;true
Burdette;Jaime71@yahoo.com;#6d6d22;5790;true
Lempi;Enrique_Shields@gmail.com;#433e52;1183;false
Clotilde;Electa_Grady@gmail.com;#2d4256;0950;true
Jaime;Lysanne9@hotmail.com;#650224;0529;false
Laverna;Harrison.Cormier55@gmail.com;#0f6a07;6011;false
Vida;Caleb.Hoeger20@hotmail.com;#4e4480;0569;false
Miracle;Devante.Schultz@yahoo.com;#388055;6775;true
Berenice;Jovany.Gerlach@yahoo.com;#1c1a77;1558;false
Hosea;Lenora_Lakin-Labadie6@hotmail.com;#226713;6137;false
Garland;Hilton.Hickle@hotmail.com;#7c3647;2802;true
Tiara;Destini97@hotmail.com;#615c74;9464;true
Monica;Price.Dicki@yahoo.com;#703c48;4088;false
Nedra;Terrance17@yahoo.com;#0f6d58;2948;false
Marjorie;Gretchen96@yahoo.com;#2f2b7f;8415;false
Dortha;Richmond79@hotmail.com;#470f03;4847;true
Lavonne;Adonis.Ondricka@yahoo.com;#7e1907;6825;false
Pearl;Jazmyne.Shields11@yahoo.com;#3e4639;0275;true
Sigmund;Effie.Rath56@yahoo.com;#131f52;8955;false
Bridget;Jane56@yahoo.com;#800e40;8604;false
Mortimer;Glenna_Miller@gmail.com;#431c73;4714;false
Maximillian;Meghan32@gmail.com;#20476e;4070;false
Jakob;Evelyn_Rogahn55@gmail.com;#51574d;3315;true
Blanche;Germaine.Runte@hotmail.com;#0e7604;7222;false
Murl;Elizabeth.Padberg@gmail.com;#696930;7081;true
Aurelio;Arthur31@hotmail.com;#277f40;2750;true
Geraldine;Vita.DAmore@yahoo.com;#5e1603;5615;false
Shawn;Domenica65@yahoo.com;#5a6f50;4411;false
Kiel;Zachariah.Blanda@yahoo.com;#5e413a;1175;false
Audreanne;Moshe.Bauch91@hotmail.com;#790557;9993;false
Soledad;Delaney_Medhurst16@hotmail.com;#07407c;0469;true
Charlotte;Vinnie_Durgan22@yahoo.com;#02654a;0874;false
Noel;Joannie.Wiza@hotmail.com;#2e650e;8660;true
Brandyn;Delfina3@gmail.com;#244c7c;9532;false
Emerson;Marc.Leannon49@gmail.com;#636e36;8674;true
Boris;Waino.Swaniawski89@hotmail.com;#405c36;6606;false
Madisen;Zack77@yahoo.com;#474233;5807;true
Sharon;Sabryna_Roob@hotmail.com;#2b0e7c;8994;true
Tyson;Amos.OKeefe5@gmail.com;#60261c;7557;false
Rafaela;Brionna_Cartwright@gmail.com;#0e5775;7412;true
Austin;Josefa_Lesch@hotmail.com;#3f6522;6634;false
Maximilian;Rusty_Keeling@yahoo.com;#547606;6745;false
Fleta;Meagan_Harris@yahoo.com;#5e4751;5758;true
Bonita;Rodger_Roberts@gmail.com;#0c0832;4842;false
Talia;Mike_Wuckert7@hotmail.com;#013a5b;1453;false
Otilia;Ladarius_Dicki23@yahoo.com;#2c355c;4408;true
Naomie;Stephanie.Hilpert@hotmail.com;#0b0145;3543;true
Coy;Dovie68@yahoo.com;#6a3a7e;4754;false
Vidal;Verdie.Koepp65@yahoo.com;#362b4e;3024;false
Otto;Finn_Emard23@gmail.com;#1c7726;0178;false
Luella;Issac55@yahoo.com;#13355d;9339;false
Katharina;Murl_Harvey@gmail.com;#00701c;6486;false
Myles;Sandrine.Dickinson@hotmail.com;#12185d;3018;false
Miles;Alysha20@gmail.com;#124f1e;3842;true
Summer;Harry40@hotmail.com;#590a1a;3231;true
Jaleel;Miller.Feest55@gmail.com;#7d3d32;6963;true
Kassandra;Muriel_Ryan7@hotmail.com;#284a63;6262;true
Sage;Brionna_Wuckert@hotmail.com;#124d3f;9222;false
Leonor;Easton_Hyatt88@gmail.com;#3b0e65;7967;true
Thurman;Nora_Brown69@yahoo.com;#67082b;7862;true
Obie;Deion35@gmail.com;#4c2459;7473;true
Katheryn;Violet17@gmail.com;#0c116e;0938;true
Beau;Darrell_Kuhic@yahoo.com;#4c671d;3515;true
Ibrahim;Cecelia_Harvey@hotmail.com;#797e54;4315;false
Rossie;Noemy4@yahoo.com;#4d5171;4352;false
Frederik;Quincy98@gmail.com;#38163a;0263;true
Lily;Lisandro.Bergstrom@hotmail.com;#005453;1872;true
Hope;Domenico.Wehner@hotmail.com;#550d2d;2950;true
Art;Andrew_Quigley78@yahoo.com;#677253;3043;false
Demetris;Marisa.Rath@gmail.com;#452c4e;9331;true
Isaiah;Erna_Mayer96@hotmail.com;#7c0a04;2066;false
Gregory;Marcos_Tremblay@yahoo.com;#517275;6510;true
Linda;Emelia.Brekke@yahoo.com;#2a7349;5848;false
Bernita;Salma.Vandervort-Wolf37@yahoo.com;#5c767b;8442;false
Natalie;Electa_McClure3@hotmail.com;#270835;3701;true
Maureen;Bria.Rosenbaum@yahoo.com;#6e0780;3356;false
Carey;Mafalda.Hoppe20@yahoo.com;#3a692f;0052;false
Marcia;Myra_Hills62@hotmail.com;#581203;9178;false
Christelle;Estel_Kuvalis@yahoo.com;#063e0a;4677;false
Hyman;Shanie.Lind63@hotmail.com;#635d25;7102;false
Triston;Maegan_Feil1@hotmail.com;#554008;0757;true
Jarred;Sherwood_Leannon@hotmail.com;#580761;3626;false
Maida;Geovanni_Farrell28@hotmail.com;#013f7d;6652;false
Frank;Peggie14@hotmail.com;#2a3126;5096;true
Lavon;Lori_Becker@yahoo.com;#6d784a;9791;false
Manuel;Nelda_Parisian-Blick65@hotmail.com;#3e4345;0046;false
Dejuan;Deon.Kilback@gmail.com;#7f5b0e;1198;true
Demetrius;Donny90@yahoo.com;#581678;1827;false
Darrell;Pat.Windler@hotmail.com;#2e302d;7738;false
Jerrold;Baron.Keebler@hotmail.com;#0d214a;5797;false
Connor;Boris_Hackett32@gmail.com;#1f5e0c;2698;true
Trinity;Paula13@hotmail.com;#38303f;1023;false
Tyrique;Maximo_Macejkovic84@yahoo.com;#3b410a;4293;true
Minerva;Deondre21@gmail.com;#0a0644;7465;true
Genesis;Joe94@gmail.com;#02140e;9007;false
Harrison;Jordon_Ward@hotmail.com;#0f0358;3110;false
Crystal;Einar76@hotmail.com;#5b202d;5027;false
Kattie;Kristoffer_Flatley-Aufderhar@hotmail.com;#5a3805;2894;true
Thea;Raymond_Keebler@gmail.com;#29796c;4277;true
Mohamed;Frances_Schaefer51@gmail.com;#462f13;7067;false
Liza;Bobbie91@yahoo.com;#40424a;9975;true
Mireille;Maxine.Beatty76@hotmail.com;#05315d;6543;true
Jamar;Judah.Towne31@gmail.com;#135374;0617;true
Mariana;Jorge.Rempel@hotmail.com;#697602;9984;false
Jay;Florida63@gmail.com;#695653;1630;false
Zoey;Wilhelm_Miller21@yahoo.com;#770033;5609;true
Roxanne;Aileen43@yahoo.com;#077e09;0506;false
Torrey;Aurelia_Hauck54@hotmail.com;#763b25;1147;true
Elise;Shirley56@gmail.com;#506f31;3143;false
Gianni;Sydney_Tillman@hotmail.com;#7c6444;9517;false
Dee;Pedro_Monahan93@gmail.com;#3b5465;6669;true
Willie;Rigoberto_Gutkowski70@hotmail.com;#1f5515;7927;true
Albin;Corrine_Hammes79@gmail.com;#4f2156;9220;true
Mathew;Alexandrine93@yahoo.com;#6d3418;0573;false
Zita;Jayce_Stark15@hotmail.com;#0d407f;0654;true
Beulah;Savanah84@hotmail.com;#3f552d;1284;false
Lessie;Madalyn10@yahoo.com;#795002;8405;false
Thelma;Tyson_Block@yahoo.com;#257d00;0922;true
Eliza;Murl.Hilpert32@hotmail.com;#745942;9596;true
Krystel;Kendra_Wehner@yahoo.com;#2f442a;9306;false
Jay;Maxwell31@yahoo.com;#022a07;3384;false
Christiana;Juwan71@hotmail.com;#513234;0320;true
Marielle;Jacquelyn_Jenkins85@hotmail.com;#333011;6965;true
Vern;Casey6@hotmail.com;#34347a;7662;true
Hank;Lucie95@yahoo.com;#31117f;3391;true
Belle;Beatrice65@yahoo.com;#275a5c;9536;true
Liliana;Llewellyn58@gmail.com;#2b4b7c;0996;true
Keyon;Kevin.Connelly-McGlynn@gmail.com;#5f7f11;9270;false
Gardner;Florine46@hotmail.com;#4b3018;0868;false
Brown;Lavinia_Howell@hotmail.com;#113a41;0251;true
Forrest;Molly.Cronin-Considine77@gmail.com;#694063;7771;false
Chaz;Ruben_Cormier76@hotmail.com;#1f7919;3332;false
Suzanne;Cara28@gmail.com;#290e70;2694;false
Lourdes;Colt57@yahoo.com;#410f4d;4396;false
Kurt;Michaela25@hotmail.com;#0b4864;2563;false
Bettie;Giovanna_Ritchie63@yahoo.com;#7a5f08;8106;false
Bobby;Stevie.McClure87@hotmail.com;#202127;2117;false
Coy;Reta_Cummings@hotmail.com;#631d7d;1925;true
Lauryn;Ruthie_Turner94@gmail.com;#5c7c3d;5020;false
Marge;Ferne_Moore@gmail.com;#240313;1098;true
Barrett;Crystel_Pfannerstill@gmail.com;#804311;6865;false
Lamar;Georgiana50@yahoo.com;#5c073e;5820;true
Carmine;Emelia_Walter@yahoo.com;#205543;2393;false
Kelley;Reuben_Bradtke@hotmail.com;#546f0a;2197;false
Nadia;Lorenza.Bins@yahoo.com;#38001a;7690;false
Deon;Nichole.Murazik10@yahoo.com;#164422;3439;false
Shyann;Bridget_Hudson@gmail.com;#234532;3514;true
Palma;Maximillian56@hotmail.com;#632e27;4669;false
Lawson;Mervin.Jacobi@gmail.com;#4f0c78;0284;false
Addison;Gia39@hotmail.com;#31142f;1686;false
Georgiana;Constantin_Blanda-Grady18@hotmail.com;#061304;3799;false
Mateo;Lizeth11@hotmail.com;#7d6c2a;8447;true
Shanie;Elroy39@hotmail.com;#2e6765;7909;true
Mariela;Jamey_Roberts26@gmail.com;#495e40;7793;false
Enoch;Beth_McGlynn42@yahoo.com;#790f17;2022;true
Edd;Dagmar.Huel@hotmail.com;#61311d;7728;false
Tierra;Drew_Bauch53@gmail.com;#19217b;9287;false
Benny;Augusta90@yahoo.com;#323440;7534;false
Torrey;King_Maggio99@gmail.com;#1f1b76;5252;true
Ima;Marc31@yahoo.com;#1f460d;3777;false
Alexandrea;Carlotta_Schamberger@yahoo.com;#2c1623;6868;false
Bert;Willa12@yahoo.com;#4e4b79;8671;true
Mabel;Landen_Hagenes43@yahoo.com;#3e0365;8214;true
Christophe;Carey.Connelly2@hotmail.com;#212857;0692;true
Yazmin;Alayna22@gmail.com;#681227;8183;false
Courtney;Adella_Anderson88@yahoo.com;#0f6e54;7432;true
Carmine;Gwen.Trantow77@gmail.com;#316c70;3165;true
Jillian;Reynold.Koss29@hotmail.com;#087524;6796;false
Sandy;Jeromy56@yahoo.com;#5d5c1a;4108;false
Pearlie;Eddie_Reichert@gmail.com;#0b093c;7750;false
Alfredo;Dorthy88@hotmail.com;#163911;0872;true
Kattie;Kavon.Little29@gmail.com;#4a1478;9931;false
Otho;Kurt_Hahn50@hotmail.com;#606b1c;0360;true
Gia;Lawson61@hotmail.com;#3f356f;9131;true
Ian;Marisa.VonRueden4@hotmail.com;#7d5178;6795;false
Juliet;Reggie.Anderson@yahoo.com;#6b3549;5417;false
Shanny;Florence_Emard52@hotmail.com;#476873;8045;true
Ines;Isabel_Yost@gmail.com;#3c0413;5677;true
Corrine;Sigurd99@yahoo.com;#776c7f;2984;false
Shania;Retta84@gmail.com;#5d035e;3248;false
Wendy;George66@yahoo.com;#3a7438;4147;true
Gerson;Verla.Mante@gmail.com;#3f0371;9637;true
Susie;Aliyah.Schulist@hotmail.com;#5e6435;6628;true
Arch;Milo_Hilll@gmail.com;#182f5a;7716;true
Joey;Ona_Skiles41@gmail.com;#5b2e59;7250;true
Lavonne;Hilton_Will@gmail.com;#204176;4022;false
Megane;Joaquin_Volkman50@yahoo.com;#54393e;6702;true
Carolyne;Hallie98@gmail.com;#034559;9582;false
Raina;Lewis67@yahoo.com;#340b0d;0489;false
Trudie;Mohammad45@yahoo.com;#5d3770;8569;false
Percival;Aletha94@gmail.com;#5a565a;2096;false
Albin;Sadie.Stehr74@hotmail.com;#044125;3852;false
Pearline;Mireya.Rempel@gmail.com;#0a383d;5029;false
Chanelle;Madeline35@yahoo.com;#5f541f;2803;true
Margarete;Kiley19@hotmail.com;#653b52;4839;false
Providenci;Beulah51@yahoo.com;#465a1a;9780;false
Edd;Aryanna_Heller@hotmail.com;#6a6e17;2112;false
Okey;Randi59@gmail.com;#0b2b38;5642;false
Vicky;Mellie_Reinger@yahoo.com;#435878;1956;false
Karolann;Johan.Cartwright@gmail.com;#74255c;9278;true
Luther;Rosalind24@yahoo.com;#004c31;6321;true
Rosalia;Litzy_Welch74@hotmail.com;#241644;1267;false
Theresia;Amie.Morar63@gmail.com;#6e6353;7809;false
Maryse;Enoch26@gmail.com;#0c1b3a;4803;true
Lenore;Earl_Homenick11@yahoo.com;#29415b;0473;false
Alejandra;Daphnee_Towne@hotmail.com;#0e146f;6247;false
Oscar;Heidi_Schuster75@gmail.com;#0e494e;0025;true
Wilfred;Berry.Kuhic@yahoo.com;#1c3633;0105;false
Julian;Deja_Watsica65@yahoo.com;#4e5541;4128;true
Tavares;Helga20@yahoo.com;#3e274c;6106;false
Pablo;Lenna_Sawayn10@hotmail.com;#772e12;3216;false
Johnpaul;Pattie_Cassin@hotmail.com;#400879;0708;false
Michaela;Waldo66@gmail.com;#631152;7598;true
Joana;Dorthy_McCullough@hotmail.com;#467251;6998;true
Hellen;Damian.Blanda@hotmail.com;#3a484d;5242;false
Everette;Dimitri.Green66@hotmail.com;#3f6634;0761;false
Leonel;Miracle_Frami16@gmail.com;#323725;4241;false
Jamil;Lysanne13@hotmail.com;#136c10;6433;true
Ellen;Nikita_Auer13@hotmail.com;#181c46;2288;true
Nat;Clarissa99@yahoo.com;#6c403d;7965;true
Earline;Kim.Pacocha67@gmail.com;#6f1c04;5137;false
Dalton;Frankie18@gmail.com;#046f1c;3558;false
Adolphus;Kayli_Pacocha44@yahoo.com;#0f1a24;9761;false
Jade;Kyleigh.Hartmann6@gmail.com;#456d1e;8422;true
Lourdes;Geoffrey.Torphy25@gmail.com;#214b3d;7209;true
Mercedes;Diego.Heaney63@gmail.com;#672961;0155;true
Michel;Kayleigh27@yahoo.com;#43681f;3152;false
General;Vada6@yahoo.com;#152017;4278;true
Claude;Beaulah_King52@hotmail.com;#682601;0302;true
Wava;Wilbert.Kozey41@gmail.com;#7d2470;9051;true
Enrico;Elmo66@yahoo.com;#212644;3757;true
Fred;Mariela_Kling27@hotmail.com;#234b17;2863;false
Marcel;Moses_Ward74@hotmail.com;#6c283a;0744;true
Jamir;Araceli79@yahoo.com;#187423;6622;true
Aimee;Kacie72@gmail.com;#77564f;5507;false
Gaston;Lora_Schamberger56@gmail.com;#7a0f3e;7361;true
Alexandra;Miracle65@hotmail.com;#0d4472;3195;false
Mauricio;Raphael94@hotmail.com;#2a4532;9446;true
Annette;Iva_Bernhard14@yahoo.com;#58560c;1802;false
Jayce;Dorris45@yahoo.com;#4e6555;4103;false
Brigitte;Percival_Medhurst@gmail.com;#3d2227;5780;false
Pamela;Silas.Quitzon79@gmail.com;#247505;3975;true
Sharon;Ora70@yahoo.com;#472141;5321;false
Fredrick;Darrel_Haag@yahoo.com;#424702;8509;false
Fredy;Stephanie.Daniel69@gmail.com;#624a17;0998;true
Miles;Edd.Jerde28@hotmail.com;#4b3426;4996;false
Benton;Luis_Wintheiser79@hotmail.com;#7e7719;1982;true
Jermaine;Jayce.Langworth@yahoo.com;#4b0118;5791;false
Ernestina;Chad69@yahoo.com;#5c655d;0567;true
Elroy;Arturo20@gmail.com;#3e3705;6586;true
Anastasia;Zella15@hotmail.com;#523f6f;9677;true
Rodrigo;Soledad.Schimmel8@hotmail.com;#37124a;3657;false
Selmer;Karlee_Hickle@yahoo.com;#3f2430;0154;false
Pasquale;Merle.Trantow18@gmail.com;#7c7532;8933;false
Domenic;River_Kirlin@yahoo.com;#4c036d;2963;false
Mitchel;Gillian_Koss@gmail.com;#104f24;4822;false
Elena;Mckenzie_Kreiger@hotmail.com;#527045;2792;false
Annette;Casimer88@yahoo.com;#6c7c13;7175;false
Imelda;Mariano_Lindgren@hotmail.com;#6b6c7d;0671;false
Katelynn;Eriberto_Kub73@hotmail.com;#634214;6291;false
Devonte;Laisha61@hotmail.com;#1e314c;2083;false
Rafaela;Maynard75@hotmail.com;#367c5b;2419;true
Jeanne;Elena_Osinski@gmail.com;#0a4350;5761;false
Coy;Arjun_Quigley78@gmail.com;#767f34;5087;true
Deonte;Aglae.Christiansen49@gmail.com;#697631;7000;false
Mauricio;Cassandre_Dickens0@gmail.com;#014f46;7933;true
Lawson;Lynn27@gmail.com;#456b4c;7869;true
Mabelle;Ernestina49@hotmail.com;#350a4b;5529;true
Gonzalo;River23@hotmail.com;#4c2009;1209;true
Gussie;Trinity62@hotmail.com;#714b48;8330;false
Dale;Watson54@gmail.com;#2c5827;0663;false
Shyann;Rosemary_Zboncak@hotmail.com;#573a11;3313;false
Alexis;Anika24@gmail.com;#655474;4589;false
Elliot;Nayeli_Friesen34@gmail.com;#1a7062;0434;true
Hilton;Watson_Spencer@hotmail.com;#6f4a78;0218;true
Marquis;Vilma.Willms@gmail.com;#201f06;2955;false
Sophia;Adele25@gmail.com;#054119;2056;true
Aisha;Ellen.Auer@gmail.com;#2b4a4c;9169;false
Gideon;Emory_Kiehn@hotmail.com;#327117;7407;true
Jayme;Name_Leuschke77@gmail.com;#0f0d03;3714;false
Mathias;Felicity_Gottlieb82@gmail.com;#6c076c;6883;false
Jaiden;Dorcas_Goldner@hotmail.com;#33165e;5310;false
Adrianna;Deshaun_Brakus45@yahoo.com;#5e2b7e;8190;false
Cheyenne;Elyse.Macejkovic@hotmail.com;#78323d;5749;true
Michaela;Casimer3@hotmail.com;#4b7b20;5830;true
Chasity;Davon63@hotmail.com;#57783a;1756;false
Effie;Jaquan50@yahoo.com;#140d25;9937;false
Kailee;Elvera55@yahoo.com;#731d09;0277;false
Alda;Jeanie_Murazik-Feest@hotmail.com;#73123b;2775;true
Rickie;Darlene16@gmail.com;#6d2821;7798;true
Abby;Jazmyne.Christiansen65@gmail.com;#2c231e;2454;false
Maxime;Brooklyn.Vandervort@yahoo.com;#5d2f31;0665;true
Walker;Easton_Hane@yahoo.com;#3a294b;0105;false
Brigitte;Florencio_Leannon40@yahoo.com;#350b68;1671;false
Carroll;Triston92@hotmail.com;#053717;4043;true
Marlee;Casper_Hills@hotmail.com;#706c62;4501;false
Wyatt;Nasir.Leffler-Deckow22@gmail.com;#474337;9102;false
Benjamin;Theresa.Anderson@hotmail.com;#1b2004;2143;true
Gust;Daphne76@gmail.com;#4f0f02;2262;true
Guido;Percy.Wisoky94@yahoo.com;#0c6042;8363;false
Stevie;Janick55@gmail.com;#755d65;4987;false
Jillian;Osbaldo.Moore73@gmail.com;#5f1a73;4727;false
Demario;Al97@hotmail.com;#002839;7715;false
Garrison;Ludie_Cruickshank@hotmail.com;#43323a;5008;false
Maia;Clement_Swift71@hotmail.com;#244454;2259;true
Vance;Josiane_Lindgren@yahoo.com;#7f6825;0614;true
Lurline;Candelario_Kshlerin@hotmail.com;#047402;7065;false
Marshall;Christ_Crooks73@yahoo.com;#7b2b3c;2707;false
Cade;Alexys47@yahoo.com;#4c3280;8461;false
Otto;Loma_Hilll70@yahoo.com;#66270d;6711;false
Jayda;Gloria_Von84@gmail.com;#6d4462;0067;true
Carley;Domenica28@hotmail.com;#3b5232;7747;true
Luciano;Ernie13@hotmail.com;#6f4f77;8311;false
Nicholas;Erica.King25@yahoo.com;#633452;5872;false
Karelle;Mattie.Kuvalis@yahoo.com;#5a4f57;9824;false
Miller;Oran.Grady-Mayert88@hotmail.com;#79667a;3660;true
Geovanny;Tiffany77@hotmail.com;#633d0f;3135;true
Gerson;Ceasar_Mraz@hotmail.com;#5a010d;3823;true
Jessie;Nyah.Willms80@yahoo.com;#527d22;2155;true
Roma;Neha_Hoppe@yahoo.com;#3a6f79;5277;true
Deshawn;Demetrius_Funk@gmail.com;#7e0e22;2822;true
Aileen;Avis_Walker@hotmail.com;#7f2c46;5734;true
Jeanne;Dario.Hane@yahoo.com;#596027;2321;true
Rashawn;London9@hotmail.com;#2d8001;2830;true
Albert;Alivia.Sanford-Hammes57@hotmail.com;#1c4154;9489;false
Buford;Arvel_Braun@yahoo.com;#214137;0825;false
Gillian;Elias_Emard52@yahoo.com;#151f09;1771;false
Bennie;Natalia.Doyle@yahoo.com;#750b3d;0539;false
Janelle;Liam86@yahoo.com;#622d22;8804;true
Jamaal;Roderick69@hotmail.com;#196036;6376;false
Ludwig;Edison31@gmail.com;#794c13;5604;false
Addie;Carol.Ankunding64@hotmail.com;#1e4b76;4876;true
Cassie;Helga.Fisher@hotmail.com;#034323;0731;false
Abigail;Johnnie.Cummings@gmail.com;#64273b;9631;true
Sarai;Demario_Leuschke@hotmail.com;#02562d;1934;false
Nellie;Aniya.Strosin@yahoo.com;#0f7460;0395;false
Jarrod;Rashawn44@hotmail.com;#704f6e;3833;true
Josefina;Larry.Maggio@yahoo.com;#335d25;4254;false
Marty;Elise_Runte73@hotmail.com;#6a7f74;6117;false
Lyla;Zackery54@yahoo.com;#391811;3075;true
Kelley;Ansley_Feeney@yahoo.com;#4f4d77;0321;true
Armani;Candido48@yahoo.com;#425348;8039;true
Deonte;Joannie.Ryan@gmail.com;#675865;2259;false
Ricardo;Javier_Jacobson36@yahoo.com;#264a7f;6591;true
Anthony;Boris61@hotmail.com;#696718;9330;false
Zakary;Ebony_Graham99@gmail.com;#7b2f6e;8781;false
Genesis;Adalberto_Baumbach56@hotmail.com;#1b6e4f;6848;true
Cara;Lesley_Mosciski97@gmail.com;#7f3b80;4846;true
Sophia;Hubert2@hotmail.com;#080023;9279;true
Elwin;Elta_Cormier6@hotmail.com;#64265e;6082;true
Liana;Ethel_Spencer@hotmail.com;#202f6d;9352;true
Cleveland;Etha.Jacobs@hotmail.com;#4c1603;2575;true
Houston;Aletha_Windler27@yahoo.com;#4a1154;4716;true
Chadrick;Merl86@hotmail.com;#04004b;2147;false
Katrina;Amanda_Casper36@gmail.com;#7c6976;9281;false
Mariela;Mario.Howe@hotmail.com;#6d6253;8281;true
Brian;Frida89@yahoo.com;#5b5f71;0956;false
Adah;Ward.Connelly2@gmail.com;#1d354b;6576;false
Eveline;Davon.Rogahn62@gmail.com;#1b626c;4101;false
Lilla;Missouri.Morar@hotmail.com;#76487b;5235;false
Erica;Jarod.Schmeler@hotmail.com;#651a63;8047;true
Frida;Hester66@hotmail.com;#4c4e54;2820;true
Orville;Garrett.Lemke@yahoo.com;#0e146c;2304;true
Elian;Bridgette.Flatley@yahoo.com;#5d4a02;2926;false
Sebastian;Josianne96@hotmail.com;#56434d;9788;true
Estella;Jamel8@yahoo.com;#546a77;3638;false
Johnny;Jaylon_Monahan9@yahoo.com;#5f552a;7095;false
Dino;Augustus50@hotmail.com;#660916;1622;true
Macey;Rex.Abernathy79@gmail.com;#630c57;4997;true
Bertha;Claud_Hane@yahoo.com;#4f7c3d;2613;true
Burdette;Bonnie_Gleason98@yahoo.com;#614642;5007;true
Esmeralda;Billie.Schmidt@hotmail.com;#7c3011;0946;false
Sheila;Elton_Huel94@hotmail.com;#70537b;2752;true
Tristian;Kurtis52@gmail.com;#450242;6713;false
Jarrod;Ashley69@hotmail.com;#784b2b;2053;false
Leon;Heather.Hilll@gmail.com;#774444;2854;true
Kaycee;Daisy.King@yahoo.com;#7a1e75;5647;false
Mireya;Anika58@gmail.com;#0e0039;1622;true
Callie;Marty_Klein@yahoo.com;#24763d;5991;true
Isabelle;Tyree92@gmail.com;#147443;3775;true
Efrain;Claude_Gleichner34@gmail.com;#3d7b3e;6686;true
Fernando;Yesenia41@gmail.com;#544c7f;7189;true
Germaine;Gerhard_Nienow67@hotmail.com;#097040;8108;true
Elnora;Nikko_Jast@hotmail.com;#59085e;1299;true
Maurice;Crystal46@gmail.com;#49756f;4738;true
Lowell;Meagan91@gmail.com;#293c09;0763;false
Trisha;Hans.Fadel@gmail.com;#78564c;5198;true
Maryse;Alysha.Lockman67@yahoo.com;#264c45;8848;true
Sofia;Tamia.Wolff34@yahoo.com;#2f6512;9250;false
Fred;Nicholaus.Little87@yahoo.com;#74191f;8181;false
Precious;Gonzalo.Pollich9@gmail.com;#4a680b;3728;false
Kaylin;Christine.Emard@hotmail.com;#3f670b;2645;true
Kaci;Gisselle.Lubowitz@hotmail.com;#31744d;8954;true
Deon;Gus59@gmail.com;#261156;0447;false
Marcelina;Tyra.Abshire47@hotmail.com;#040b4e;0013;true
Delphia;Madisen_Hoeger19@yahoo.com;#321d42;7154;true
Braden;Sterling94@hotmail.com;#707001;1383;true
Reba;Velda_Kunde51@gmail.com;#17151c;9986;true
Deron;Camren.Roob68@gmail.com;#320e70;2280;false
Reggie;Mandy27@yahoo.com;#502e25;0629;true
Bulah;Junior.Cassin29@hotmail.com;#401f0b;9894;false
Marjolaine;Audrey17@yahoo.com;#050519;2848;true
Myles;Eliane_Homenick@yahoo.com;#404f65;4323;true
Orion;Rowan.Lockman@gmail.com;#3a5f7f;8306;true
Bernhard;Mia3@yahoo.com;#0d6575;5402;true
Lennie;Florine16@hotmail.com;#435f68;0333;true
Audra;Kareem91@gmail.com;#6c4b56;7964;true
Zita;Enoch.Heathcote@yahoo.com;#6b5964;8949;true
Ebba;Sandrine.Will@gmail.com;#333753;1370;true
Reagan;Margret_Balistreri61@gmail.com;#3d712b;0261;false
Fabiola;Nadia.Swift@hotmail.com;#7e5c5f;6997;true
Isaac;Ada0@yahoo.com;#615e59;2408;false
Grady;Roxane.Doyle@gmail.com;#730a61;9699;false
Emanuel;Dennis.Kuhic@gmail.com;#78274d;9018;false
Jade;Kaitlyn.Fisher1@gmail.com;#361b41;3490;false
Grayson;Marcelo68@gmail.com;#7d164b;5412;false
Katarina;Tia96@yahoo.com;#3c1448;6544;false
Jovany;Verda_Collier-Bergnaum30@gmail.com;#6e4f38;9498;true
Tito;Noah96@gmail.com;#707622;0225;true
Nigel;Lance86@gmail.com;#785c6d;6780;false
Alene;Theo64@hotmail.com;#7d0109;5115;false
Andreane;Jazmyne73@hotmail.com;#4d1232;8323;true
Henri;Derick5@gmail.com;#716031;8369;false
Lydia;Osbaldo36@hotmail.com;#3f2c2a;6390;true
Gloria;Marquise56@gmail.com;#794211;6590;false
Dominic;Jensen48@gmail.com;#64252e;6196;false
Lupe;Karen_Rempel-Kirlin@hotmail.com;#015e36;5892;false
Cale;Everardo.Reinger@yahoo.com;#1e140e;9200;false
Justina;Jadon_Thiel28@hotmail.com;#56107b;9148;false
Arlo;Ayana.Franecki1@hotmail.com;#1b5a24;4084;true
Emely;Lucio99@yahoo.com;#7e672c;0545;false
Imelda;Chad.Steuber87@yahoo.com;#471e02;4331;false
Mathias;Jada_Okuneva@gmail.com;#1d4975;7446;true
Royce;Reggie_Robel@hotmail.com;#564106;2090;true
Gregg;Arlie86@yahoo.com;#392272;8136;false
George;Sean_Botsford@hotmail.com;#776800;8975;false
Thea;Shaina44@hotmail.com;#3a5f09;9329;false
Rosella;Dominic30@hotmail.com;#5a6a05;5572;true
Mae;Eli63@gmail.com;#150c6b;9555;false
Leslie;Jane_Krajcik@gmail.com;#20660e;4086;false
Salma;Jillian.Fisher@hotmail.com;#796e14;3857;false
Melba;Vicente_Skiles@gmail.com;#7a0f09;5566;true
Norma;Alyce.Dach@yahoo.com;#740717;7298;true
Lowell;Alejandra.Hauck3@gmail.com;#79075f;8550;false
Silas;Santina.Torphy@hotmail.com;#292755;5041;true
Annabelle;Benedict_Rempel@gmail.com;#0d2e0b;1312;true
Jennings;Breana.Hessel60@yahoo.com;#2d0842;1832;true
Jana;Fernando.Tillman@hotmail.com;#570e25;3026;true
Maeve;Caden5@gmail.com;#0f485e;8811;true
Lionel;Houston_Jenkins@hotmail.com;#735b25;3647;false
Glenda;Dino_Ruecker-Schneider@yahoo.com;#1b5f0a;0469;false
Madison;Sylvia_Beahan87@hotmail.com;#0b6d2b;5629;true
Oren;Luis_McClure@yahoo.com;#054a1a;2314;false
Jody;Marjorie_Grant7@gmail.com;#213853;2706;true
Dawson;Henderson73@hotmail.com;#502415;6490;false
Paul;Ofelia.Balistreri@hotmail.com;#637c7c;2867;false
Kory;Hal_Bins@gmail.com;#2b382a;1638;true
Cecil;Joanne.Prosacco18@gmail.com;#5c4259;2509;false
Jerrod;Martine.Marvin@gmail.com;#605c52;7858;true
Martina;Fredy75@hotmail.com;#340b49;0436;false
Giuseppe;Litzy92@gmail.com;#2e0553;2724;true
Earnest;Kris.Anderson@hotmail.com;#4a1661;8957;true
Chad;Davin_Lockman@hotmail.com;#635267;8087;true
Sandy;Ladarius67@gmail.com;#5f0818;3135;true
Magnus;Guiseppe7@gmail.com;#65637b;8064;true
Opal;Chelsie.Kuhic73@yahoo.com;#501455;7720;false
Jordan;Abdullah.Tromp96@gmail.com;#050454;2796;true
Brock;Jan64@yahoo.com;#4e6570;4603;false
Silas;Vivian.Koss@yahoo.com;#4f1c5e;1905;true
Antonette;Jonathan33@gmail.com;#241620;0980;true
Clement;Amaya3@gmail.com;#7c2c09;5033;false
Emery;Susana58@yahoo.com;#2a5074;2214;true
Teagan;Myles15@hotmail.com;#274642;1168;false
Jon;Dakota0@gmail.com;#15732f;2450;true
Javon;Mohamed81@hotmail.com;#533538;6820;false
Alison;Jude.Weimann13@gmail.com;#5d0e27;4910;false
Georgette;Jerald37@gmail.com;#016559;4567;true
Daphne;Jarrell_Feeney80@gmail.com;#5d2f4d;5562;true
Elise;Zackary.Lueilwitz@hotmail.com;#2c423b;8304;false
Golden;Jarrod.Glover-Boehm@yahoo.com;#03352b;5870;true
Kacie;Christop.Sauer51@gmail.com;#2e6446;1223;true
Afton;Waino.Leannon60@hotmail.com;#7c653b;8561;true
Jeanne;Kale_Ritchie-Robel@yahoo.com;#271468;8074;false
Edmund;Keshawn.Murray@yahoo.com;#6d0856;3867;true
Rosanna;Andreane.Lowe14@yahoo.com;#731539;9741;true
Darwin;Cora.Russel@yahoo.com;#1a4326;0816;true
Mathew;Sophie.Simonis@hotmail.com;#425a7d;9220;false
Forrest;Gardner_Gusikowski61@gmail.com;#37065f;9074;false
Demond;Haylee_Fisher-Swift78@gmail.com;#6b3c75;5614;true
Pierre;Bonita.Leuschke@gmail.com;#58581e;1176;true
Ladarius;Matilda.Nader68@gmail.com;#417e5f;2520;true
Raphaelle;Brook_Bartell@yahoo.com;#116545;2298;false
Enos;Boyd.Bosco92@gmail.com;#755322;0537;false
Josephine;Torrance.Kutch@hotmail.com;#1e4871;8879;false
Christine;Ryley_Littel@yahoo.com;#122424;2487;true
Haskell;Albertha_Lakin9@yahoo.com;#405028;1555;false
Santa;Esther64@hotmail.com;#2b4d2b;1788;true
Martin;Domenick_Fritsch70@gmail.com;#23172d;4033;true
Mathias;Maryse_Bode72@gmail.com;#036c23;2229;false
Kenna;Florencio_Ondricka36@hotmail.com;#666a6d;8286;false
Norma;Hector28@hotmail.com;#054420;4987;false
Archibald;Rosamond_Mayert@gmail.com;#2d7775;3336;true
Marcelle;Lucienne_Quitzon@yahoo.com;#0e003c;5620;true
Josie;Janet57@yahoo.com;#630f5d;9679;true
Arely;Destinee.Howe90@hotmail.com;#0d3f68;2702;true
Van;Sunny42@yahoo.com;#3c4e63;6252;false
Mireya;Ward.Smitham99@hotmail.com;#2b4227;7351;false
Leanne;Palma.Russel@gmail.com;#707f54;0054;false
Elinore;Odell.Kilback@gmail.com;#4d631c;3252;false
Bernhard;Grover80@gmail.com;#212211;4946;false
Abby;Imani_Auer87@yahoo.com;#0f760b;4455;false
Faustino;Lila_Schuster@yahoo.com;#0f1806;4530;false
Cleve;Werner45@hotmail.com;#2b3b24;4413;true
Ellis;Ophelia.Flatley68@gmail.com;#660b40;2355;true
Americo;Odie.Skiles@gmail.com;#2c4367;9878;true
Amya;Abigale.Auer22@gmail.com;#343173;6576;false
Andrew;Shanel.Zemlak41@gmail.com;#03174e;9208;true
Telly;Dayana_Brakus8@hotmail.com;#3f731a;0302;false
Colleen;Gilda_Feeney@gmail.com;#5b042c;1156;true
Elna;Modesta61@gmail.com;#562c16;1778;true
Lottie;Alvina.Rutherford@hotmail.com;#247c2a;4360;false
Clotilde;Lew22@hotmail.com;#685867;9531;false
Rusty;Aleen.Ortiz-Runte84@yahoo.com;#525b5f;9948;true
Candace;Esteban10@gmail.com;#4f760b;8135;true
Ari;Lizzie.Okuneva@hotmail.com;#4f5f21;8252;true
Sabrina;Jon_Kohler29@hotmail.com;#4a6b60;2437;false
Xavier;Rosendo.Larson@gmail.com;#135939;5858;true
Zakary;Jeanette_Cole@yahoo.com;#70386b;9568;true
Olga;Breana90@gmail.com;#120f15;1569;false
Arlo;Etha.Williamson@gmail.com;#4d1909;2121;false
Forrest;Mark_Gutkowski45@hotmail.com;#113651;1456;false
Darryl;Adolfo.Bahringer33@gmail.com;#7d5867;7635;false
Nia;Israel60@hotmail.com;#1c4142;7412;true
Baby;Joshuah66@yahoo.com;#4c3a71;0073;true
Adan;Nat_Collier72@yahoo.com;#7d5777;2841;true
Dandre;Noemie.Hessel@hotmail.com;#23140a;8292;true
Tierra;Karianne.Hand@yahoo.com;#010b7f;2874;false
Austin;Alvena.Osinski@hotmail.com;#35193a;4196;true
Gaston;Davion.Nader@gmail.com;#656071;8660;true
Macy;Arden_Mohr@gmail.com;#3c7833;3403;true
Griffin;Chance.Williamson@hotmail.com;#2f5d0a;9390;false
Delia;Tara.Ratke@hotmail.com;#5d2d1a;9875;false
Mikel;Adeline.Hauck@gmail.com;#695e6c;9882;false
Dorothea;Emiliano43@yahoo.com;#545b42;6568;true
Juston;Ludwig_Schroeder@yahoo.com;#427b02;5951;false
Abe;Florine10@hotmail.com;#6b7863;9848;true
Grover;John83@yahoo.com;#71003e;7061;false
Scot;Kavon_Stiedemann11@yahoo.com;#6f4f03;6715;true
Myra;Ricardo78@hotmail.com;#772226;8052;false
Giovanny;Hayden_Ryan@hotmail.com;#704235;1975;true
Carissa;Jo_Kihn67@hotmail.com;#621e01;0523;true
Stephen;Amparo.Mitchell69@yahoo.com;#6b6254;5220;true
Meaghan;Lane_Swift57@hotmail.com;#63546f;4391;false
Otilia;Aurore.Durgan@yahoo.com;#6c000b;6736;false
Rylan;Ezekiel5@hotmail.com;#64110d;6568;false
Emelia;Allie61@yahoo.com;#03344c;5712;false
Victor;Kamron_Herzog8@hotmail.com;#3a0442;9790;false
Verdie;Caleb19@yahoo.com;#7f6a4b;3888;false
Magdalena;Sabryna.Brown@hotmail.com;#5f474c;0053;true
Liliane;Lue58@hotmail.com;#48630c;6639;true
Daphnee;Jamel93@hotmail.com;#393455;9271;false
Marielle;Chauncey33@hotmail.com;#38151c;2293;true
Richmond;Jameson.Upton@hotmail.com;#074047;7174;false
Tommie;Arvid.Conn@yahoo.com;#09125a;8286;false
Abbey;Marshall.Bins58@gmail.com;#705e10;8202;false
Saul;King_Kautzer47@yahoo.com;#7b693f;5985;false
Gerry;Maureen_Kovacek29@gmail.com;#112a7c;1601;true
Mary;Paxton11@yahoo.com;#3f2416;3589;true
Cecile;Cecilia67@hotmail.com;#7d152f;9893;true
Kristin;Lucio_Littel@yahoo.com;#530352;0438;true
Golda;Deshawn.Williamson15@yahoo.com;#7b4c3d;5985;true
Dorothea;Carrie_Williamson46@gmail.com;#601954;7278;true
Kian;Kira38@hotmail.com;#077f39;6710;true
Bonnie;Delores_Johnston-Grady8@gmail.com;#451138;7400;true
Wava;Khalil_Fritsch72@yahoo.com;#255317;2387;false
Leone;Tamara.Dibbert72@yahoo.com;#592737;7156;false
Abbie;Francesco52@yahoo.com;#693f58;8941;true
Alisha;Alysson.Jones@hotmail.com;#5a1208;8990;true
Savion;Opal_McLaughlin@yahoo.com;#7c006f;2907;true
Monty;Emery_Smitham@gmail.com;#191e53;4606;true
Dolores;Brenna.Heidenreich88@gmail.com;#7d7827;0870;false
Aditya;Camren11@yahoo.com;#52722d;7514;false
Pinkie;Vida.Denesik61@hotmail.com;#3e5a73;5698;false
Norris;Ransom.Beahan58@hotmail.com;#705904;8357;true
Kiera;Riley.Parker@gmail.com;#7e0844;9557;true
Wyatt;Dorthy96@yahoo.com;#06667e;7988;true
Emory;Hester.Hoeger@yahoo.com;#3e1e1f;8807;false
Gerhard;Jayce.Armstrong56@hotmail.com;#497b64;5616;false
Sierra;Junior_Lind@yahoo.com;#4e6161;8748;true
Rocio;Charley_Schmidt-Effertz0@hotmail.com;#03092f;6831;true
Amari;Olen_Skiles@yahoo.com;#3a3954;3176;true
Antonia;Bryana21@yahoo.com;#1d3053;9162;true
Ewell;Ernie2@yahoo.com;#666278;0645;true
Madge;Korey54@gmail.com;#396926;8002;true
Jettie;Gudrun69@gmail.com;#486925;2687;true
Teagan;Alexa11@gmail.com;#72445d;7586;true
Rowena;Monserrate66@gmail.com;#2d467f;1230;false
Addison;Josh38@gmail.com;#507d4f;7725;false
Reese;Humberto_Jerde47@yahoo.com;#4b3745;1023;false
Avery;Antoinette41@yahoo.com;#086479;7845;false
Lera;Magnolia_Rogahn81@hotmail.com;#7f6312;3936;false
Mohammed;Conrad_Connelly@hotmail.com;#181d17;2087;true
Jett;Christiana.Pacocha8@gmail.com;#502047;5347;true
Braden;Icie11@gmail.com;#3b4224;2457;false
Madaline;Rylan92@hotmail.com;#583f4f;9645;true
Camylle;Jerrod_Rutherford@gmail.com;#1c1d11;7297;false
Corene;Tianna_Heathcote90@gmail.com;#787a0f;3614;true
Deon;Emil.Price@hotmail.com;#30345d;7164;false
Jennie;Araceli_Labadie@yahoo.com;#376f1e;8957;true
Emile;Ari.Krajcik@yahoo.com;#3b3242;8806;false
Shakira;Cedrick.Douglas21@gmail.com;#493e0f;8720;true
Andreanne;Trisha43@yahoo.com;#357930;7822;false
Itzel;Fidel42@yahoo.com;#5e5644;4358;false
Carlie;Aidan38@hotmail.com;#741d51;6407;false
Mariah;Haven59@hotmail.com;#30082d;5145;true
Troy;Marc_Wyman41@gmail.com;#1c1950;1028;false
Kayla;Destini48@hotmail.com;#4b175f;9866;true
Nikita;Joey.Bernhard11@hotmail.com;#5c2837;4169;false
Herminia;Bennie31@hotmail.com;#1d6c76;3143;false
Arthur;Pablo.Leannon28@hotmail.com;#315313;7883;true
Hunter;Philip_Bayer66@hotmail.com;#0a6779;9368;true
Hardy;Stephanie_Dickinson9@hotmail.com;#56464e;1583;true
Ozella;Marilyne.Weber63@yahoo.com;#4f3919;6967;true
Xzavier;Sydni70@hotmail.com;#1f1e3c;2543;true
Elnora;Grant.Bradtke@gmail.com;#164230;5679;true
Kevin;Dee95@gmail.com;#6c7724;9395;false
Donnie;Kattie_Marvin21@gmail.com;#64766b;5313;false
Jailyn;Madelynn.Hauck@yahoo.com;#781f75;3193;true
Rozella;Verona96@hotmail.com;#6d6527;9163;true
Roselyn;Luther97@yahoo.com;#0f2f6d;1538;false
Macey;Anabel.Metz68@gmail.com;#7a2275;1448;true
Emory;Pink61@yahoo.com;#563f68;6160;true
Nettie;Ayana.Conroy14@gmail.com;#52466e;8066;false
Eldred;Joy.McDermott@yahoo.com;#6b1d5a;1218;true
Vincenzo;Lizzie22@hotmail.com;#1d2c68;7269;false
Deven;Freida97@gmail.com;#166216;0138;false
Hipolito;Jaclyn6@gmail.com;#456680;8274;true
Cassie;Maeve_Schimmel@gmail.com;#64041b;9812;true
Adah;Ellie.OKeefe@hotmail.com;#411c10;8703;true
Myra;Raul_Schowalter33@gmail.com;#746561;5089;false
Garrick;Tyra54@yahoo.com;#524b11;9811;false
Friedrich;Fatima.Runte16@hotmail.com;#07587f;7693;true
Cara;Viola56@hotmail.com;#1a3e77;8629;false
Carson;Richard_Ratke@yahoo.com;#21472b;8633;true
Kelsi;Mervin_Crist-Koepp80@hotmail.com;#285760;1408;true
Elena;Ozella_Metz@yahoo.com;#0f0d76;7027;true
Veda;Ottis_Schneider@hotmail.com;#746931;8920;true
Eleonore;Shannon.Legros91@hotmail.com;#04801b;2707;false
Hermina;Mckenzie75@gmail.com;#5e4d5a;1914;false
Freddy;Bernhard.Harris@gmail.com;#1c3680;4765;true
Liza;Brando35@hotmail.com;#3a2f39;5055;true
Mariane;Brandt_Murphy-Bogan73@hotmail.com;#2a605d;1624;true
Amiya;Lilian_Goyette91@yahoo.com;#264448;8962;false
Emmalee;Reid.Labadie@hotmail.com;#164332;9394;true
Gerald;Griffin_Schiller@hotmail.com;#3e7457;2881;false
Dewayne;Ida89@gmail.com;#541d18;2547;false
Serenity;Dortha26@yahoo.com;#3c5f27;3495;true
Janie;Romaine_Bailey15@gmail.com;#6d375c;9937;false
Rudolph;Benton.Yost54@hotmail.com;#486935;8708;true
Emma;Daija.Armstrong-Gusikowski@gmail.com;#183d02;7675;false
Adolfo;Orpha_Smitham58@yahoo.com;#5b782b;8969;false
Wilford;Lilla96@hotmail.com;#275f67;8908;false
Arnoldo;Edison.Wilderman@yahoo.com;#1f4830;2383;true
Lottie;Kaylah35@yahoo.com;#67765d;3355;false
Jazmyne;Virginia_Glover@hotmail.com;#515b27;7018;true
Darrick;Granville.Larkin@hotmail.com;#77214a;8340;false
Kaleigh;Marley3@gmail.com;#5b675f;5186;true
Ottis;Gerson.Gleichner87@gmail.com;#5a7a6b;1963;true
Chandler;Javonte52@yahoo.com;#2f2f52;1854;false
Tiara;Buster_Goyette@yahoo.com;#663d43;7127;false
Marcelle;Judge_Feest@gmail.com;#721d7d;1089;false
Virgie;Aletha67@hotmail.com;#1c620c;8171;false
Dameon;Tressa53@hotmail.com;#214f2c;8566;false
